{"min_price": 123.58309936523438, "max_price": 258.7355041503906, "sequence_length": 60, "prediction_days": 35}