{"min_price": 2.390000104904175, "max_price": 10.680000305175781, "sequence_length": 60, "prediction_days": 35}