{"min_price": 83.03302001953125, "max_price": 206.14259338378906, "sequence_length": 60, "prediction_days": 35}