{"min_price": 88.49293518066406, "max_price": 736.0151977539062, "sequence_length": 60, "prediction_days": 35}