{"min_price": 209.77767944335938, "max_price": 464.8543395996094, "sequence_length": 60, "prediction_days": 35}