{"min_price": 11.21493911743164, "max_price": 149.41624450683594, "sequence_length": 60, "prediction_days": 35}