{"min_price": 1.2400000095367432, "max_price": 5.480000019073486, "sequence_length": 60, "prediction_days": 35}