{"min_price": 3.4830000400543213, "max_price": 118.80699920654297, "sequence_length": 60, "prediction_days": 35}