{"min_price": 3.890000104904175, "max_price": 24.229999542236328, "sequence_length": 60, "prediction_days": 35}