{"min_price": 18.360000610351562, "max_price": 65.45999908447266, "sequence_length": 60, "prediction_days": 35}