{"min_price": 108.0999984741211, "max_price": 479.8599853515625, "sequence_length": 60, "prediction_days": 35}